customer_id,transaction_date,daily_total
C10019,2026-03-30,301.17
C10088,2026-03-27,269.24
C10115,2026-03-27,404.65
C10174,2026-03-28,373.23
C10263,2026-03-31,129.63
C10304,2026-03-31,351.55
C10311,2026-03-26,116.02
C10487,2026-03-26,129.95
C10679,2026-03-29,474.68
C10746,2026-03-31,285.31
C10770,2026-03-26,292.03
C10798,2026-03-28,306.58
C10924,2026-03-28,461.53
C10927,2026-03-30,233.01
C10992,2026-03-30,80.2
C11005,2026-03-30,40.74
C11127,2026-03-26,209.37
C11183,2026-03-27,413.99
C11205,2026-03-31,258.15
C11351,2026-03-30,451.56
C11444,2026-03-31,174.62
C11567,2026-03-31,386.67
C11624,2026-03-30,463.06
C11630,2026-03-27,339.47
C11696,2026-03-31,197.57
C11748,2026-03-29,490.76
C12079,2026-03-31,335.88
C12146,2026-03-27,412.61
C12156,2026-03-30,115.98
C12260,2026-03-28,341.43
C12273,2026-03-26,4.76
C12309,2026-03-29,327.55
C12407,2026-03-27,140.59
C12411,2026-03-27,113.93
C12501,2026-03-28,305.08
C12517,2026-03-27,405.55
C12563,2026-03-31,317.03
C12645,2026-03-26,268.26
C12716,2026-03-29,458.53
C12782,2026-03-26,310.81
C12797,2026-03-28,454.97
C12847,2026-03-28,454.85
C12899,2026-03-27,187.76
C12933,2026-03-28,76.76
C13187,2026-03-29,348.43
C13290,2026-03-27,446.33
C13292,2026-03-31,135.9
C13359,2026-03-28,230.52
C13513,2026-03-30,151.21
C13622,2026-03-28,84.34
C13667,2026-03-31,395.78
C13704,2026-03-28,476.87
C13739,2026-03-29,287.7
C13752,2026-03-28,170.09
C13872,2026-03-30,363.84
C13914,2026-03-27,327.62
C13936,2026-03-27,197.11
C13939,2026-03-29,459.78
C14101,2026-03-26,328.47
C14688,2026-03-31,312.15
C14841,2026-03-29,16.09
C14842,2026-03-26,75.99
C14944,2026-03-26,129.26
C15032,2026-03-28,81.13
C15162,2026-03-27,82.96
C15245,2026-03-28,254.77
C15283,2026-03-31,65.31
C15689,2026-03-27,214.32
C15724,2026-03-30,354.85
C15761,2026-03-30,307.16
C15786,2026-03-29,308.24
C15795,2026-03-31,329.24
C15817,2026-03-29,434.88
C15871,2026-03-29,161.78
C15927,2026-03-26,159.69
C15973,2026-03-31,32.74
C16049,2026-03-27,401.5
C16203,2026-03-30,320.78
C16315,2026-03-31,144.4
C16517,2026-03-31,332.68
C16551,2026-03-30,384.94
C16726,2026-03-31,386.05
C16746,2026-03-29,275.01
C16802,2026-03-28,154.86
C16834,2026-03-31,113.17
C16846,2026-03-29,281.91
C16862,2026-03-29,181.59
C17072,2026-03-26,372.39
C17283,2026-03-30,458.47
C17340,2026-03-26,484.67
C17400,2026-03-29,226.82
C17472,2026-03-31,187.99
C17487,2026-03-29,295.48
C17659,2026-03-26,255.14
C17678,2026-03-27,210.72
C18090,2026-03-29,140.98
C18092,2026-03-30,312.37
C18311,2026-03-29,166.57
C18320,2026-03-30,297.1
C18394,2026-03-27,474.53
C18456,2026-03-27,96.71
C18482,2026-03-30,118.09
C18558,2026-03-28,360.68
C18640,2026-03-27,86.86
C18643,2026-03-29,311.19
C18662,2026-03-27,2.53
C18678,2026-03-26,185.9
C18703,2026-03-29,91.16
C18802,2026-03-26,111.06
C18892,2026-03-26,170.95
C19017,2026-03-30,92.6
C19058,2026-03-30,34.26
C19098,2026-03-31,422.66
C19123,2026-03-30,47.94
C19176,2026-03-26,424.85
C19180,2026-03-29,45.18
C19235,2026-03-28,137.4
C19253,2026-03-27,427.18
C19255,2026-03-27,463.3
C19304,2026-03-26,426.87
C19342,2026-03-26,353.4
C19372,2026-03-29,229.36
C19380,2026-03-27,114.26
C19572,2026-03-28,443.68
C19665,2026-03-29,128.88
C19784,2026-03-26,150.29
C19845,2026-03-31,92.06
C19890,2026-03-29,278.62
C19899,2026-03-29,57.29
C20076,2026-03-31,17.71
C20144,2026-03-27,281.59
C20159,2026-03-26,149.97
C20223,2026-03-26,174.78
C20262,2026-03-31,21.23
C20699,2026-03-30,240.89
C20809,2026-03-29,478.58
C20826,2026-03-27,175.95
C20950,2026-03-28,382.11
C21009,2026-03-27,270.72
C21023,2026-03-29,289.71
C21036,2026-03-28,328.0
C21049,2026-03-31,391.59
C21163,2026-03-26,309.03
C21261,2026-03-28,382.87
C21319,2026-03-27,53.06
C21345,2026-03-28,167.08
C21376,2026-03-30,292.59
C21388,2026-03-29,266.28
C21395,2026-03-30,73.32
C21445,2026-03-28,32.64
C21484,2026-03-31,498.71
C21494,2026-03-26,59.66
C21531,2026-03-29,376.99
C21608,2026-03-30,473.4
C21641,2026-03-29,146.85
C21720,2026-03-26,396.06
C21739,2026-03-28,493.02
C21840,2026-03-31,173.82
C21878,2026-03-29,324.41
C21905,2026-03-31,309.07
C22201,2026-03-30,251.73
C22262,2026-03-27,324.77
C22271,2026-03-29,52.43
C22290,2026-03-27,64.11
C22322,2026-03-31,11.22
C22531,2026-03-26,170.7
C22861,2026-03-30,58.43
C22899,2026-03-28,387.88
C22930,2026-03-26,408.33
C22943,2026-03-27,173.52
C23361,2026-03-29,434.3
C23488,2026-03-30,390.71
C23741,2026-03-31,377.02
C23799,2026-03-28,221.86
C23921,2026-03-26,113.95
C24265,2026-03-28,111.11
C24323,2026-03-28,168.95
C24325,2026-03-30,166.93
C24420,2026-03-30,284.7
C24454,2026-03-29,49.13
C24473,2026-03-31,425.58
C24508,2026-03-30,479.07
C24514,2026-03-26,273.54
C24578,2026-03-29,468.31
C24595,2026-03-26,29.32
C24619,2026-03-30,375.29
C24621,2026-03-30,139.79
C24708,2026-03-26,27.79
C24715,2026-03-28,491.84
C24778,2026-03-27,235.57
C24828,2026-03-29,7.07
C24890,2026-03-31,53.58
C24928,2026-03-27,386.23
C24951,2026-03-31,287.67
C25090,2026-03-28,307.14
C25162,2026-03-30,237.25
C25296,2026-03-27,247.67
C25355,2026-03-27,130.69
C25366,2026-03-31,274.69
C25568,2026-03-31,467.0
C25625,2026-03-31,322.68
C25651,2026-03-26,319.97
C25714,2026-03-31,16.8
C25888,2026-03-31,480.74
C25939,2026-03-30,353.95
C26127,2026-03-26,42.41
C26217,2026-03-27,358.64
C26408,2026-03-27,351.55
C26544,2026-03-31,151.79
C26760,2026-03-30,138.26
C26784,2026-03-29,108.32
C26820,2026-03-27,35.71
C26853,2026-03-31,447.95
C27310,2026-03-28,64.93
C27381,2026-03-27,132.06
C27496,2026-03-27,265.48
C27509,2026-03-26,268.95
C27657,2026-03-31,355.41
C27674,2026-03-31,252.82
C27687,2026-03-31,437.9
C27708,2026-03-28,252.47
C27747,2026-03-26,120.05
C28000,2026-03-29,165.07
C28009,2026-03-31,301.57
C28065,2026-03-27,245.58
C28202,2026-03-31,123.85
C28295,2026-03-27,395.06
C28333,2026-03-26,307.27
C28353,2026-03-27,231.63
C28429,2026-03-26,371.11
C28481,2026-03-28,405.77
C28488,2026-03-28,482.94
C28508,2026-03-30,255.73
C28557,2026-03-31,71.23
C28575,2026-03-26,20.13
C28603,2026-03-30,62.61
C28610,2026-03-30,83.99
C28833,2026-03-28,23.99
C29001,2026-03-30,205.65
C29109,2026-03-28,286.06
C29181,2026-03-27,346.78
C29190,2026-03-31,314.72
C29264,2026-03-28,70.68
C29309,2026-03-28,235.94
C29629,2026-03-27,329.26
C29651,2026-03-31,425.68
C29734,2026-03-29,190.6
C29738,2026-03-29,99.14
C29963,2026-03-29,325.13
C30208,2026-03-30,2.04
C30272,2026-03-31,225.37
C30581,2026-03-31,410.39
C30589,2026-03-27,193.22
C30748,2026-03-29,470.02
C31135,2026-03-26,92.44
C31157,2026-03-26,55.17
C31206,2026-03-30,453.59
C31215,2026-03-29,187.84
C31223,2026-03-27,397.64
C31228,2026-03-27,161.5
C31383,2026-03-27,412.19
C31401,2026-03-31,81.59
C31498,2026-03-30,121.14
C31606,2026-03-28,7.37
C31764,2026-03-29,450.35
C31795,2026-03-29,286.49
C31846,2026-03-27,35.59
C31925,2026-03-29,11.3
C32049,2026-03-29,48.78
C32222,2026-03-28,155.05
C32256,2026-03-30,459.79
C32302,2026-03-31,442.54
C32556,2026-03-28,71.6
C32656,2026-03-28,296.57
C32682,2026-03-27,497.54
C32817,2026-03-27,373.77
C32940,2026-03-28,17.2
C33043,2026-03-27,435.48
C33070,2026-03-31,143.89
C33268,2026-03-29,355.51
C33415,2026-03-30,417.5
C33455,2026-03-29,288.66
C33480,2026-03-30,277.02
C33516,2026-03-30,446.8
C33760,2026-03-27,223.71
C33895,2026-03-30,182.88
C33908,2026-03-31,306.9
C34016,2026-03-31,432.13
C34038,2026-03-26,437.91
C34124,2026-03-31,208.72
C34131,2026-03-30,357.4
C34137,2026-03-29,412.82
C34147,2026-03-27,354.82
C34192,2026-03-31,289.51
C34228,2026-03-31,427.04
C34253,2026-03-29,322.4
C34479,2026-03-26,309.79
C34530,2026-03-29,482.67
C34546,2026-03-31,12.32
C34574,2026-03-29,121.43
C34578,2026-03-27,434.42
C34796,2026-03-27,402.82
C34865,2026-03-27,85.74
C34993,2026-03-26,113.05
C35018,2026-03-29,256.05
C35055,2026-03-27,30.91
C35291,2026-03-27,36.24
C35300,2026-03-28,180.55
C35390,2026-03-27,126.85
C35582,2026-03-30,15.23
C35593,2026-03-28,172.69
C35727,2026-03-30,31.46
C35764,2026-03-27,481.5
C35837,2026-03-26,410.63
C36193,2026-03-28,233.07
C36199,2026-03-28,125.91
C36312,2026-03-31,455.97
C36337,2026-03-27,98.92
C36397,2026-03-28,263.68
C36434,2026-03-31,111.32
C36450,2026-03-31,391.46
C36504,2026-03-29,202.85
C36620,2026-03-28,394.41
C36732,2026-03-31,323.74
C36871,2026-03-30,401.09
C37179,2026-03-27,461.46
C37213,2026-03-26,139.54
C37252,2026-03-29,493.75
C37312,2026-03-29,49.65
C37331,2026-03-29,70.21
C37381,2026-03-27,252.55
C37451,2026-03-29,322.61
C37558,2026-03-28,463.55
C37561,2026-03-27,210.28
C37602,2026-03-28,207.19
C37689,2026-03-30,184.64
C37728,2026-03-28,24.09
C37774,2026-03-29,361.42
C37817,2026-03-29,318.08
C37859,2026-03-30,55.11
C38219,2026-03-28,476.68
C38468,2026-03-27,364.63
C38574,2026-03-27,121.83
C38574,2026-03-31,419.89
C38596,2026-03-31,73.36
C38613,2026-03-31,359.92
C38836,2026-03-30,493.87
C38837,2026-03-26,17.24
C38855,2026-03-30,443.2
C38871,2026-03-28,492.94
C38903,2026-03-27,317.21
C38908,2026-03-27,478.12
C39055,2026-03-26,304.22
C39091,2026-03-30,372.82
C39094,2026-03-28,412.68
C39170,2026-03-26,283.54
C39170,2026-03-30,451.59
C39266,2026-03-29,333.92
C39301,2026-03-28,314.74
C39356,2026-03-29,148.88
C39441,2026-03-26,24.87
C39464,2026-03-31,478.08
C39733,2026-03-27,50.55
C39737,2026-03-30,10.0
C40289,2026-03-26,175.24
C40290,2026-03-31,225.86
C40348,2026-03-29,455.15
C40569,2026-03-30,39.55
C40697,2026-03-27,463.47
C40839,2026-03-31,144.89
C40859,2026-03-30,82.91
C40926,2026-03-29,27.83
C40979,2026-03-26,187.31
C41256,2026-03-26,88.61
C41308,2026-03-29,202.55
C41337,2026-03-29,395.81
C41401,2026-03-29,429.06
C41490,2026-03-28,321.22
C41680,2026-03-26,408.49
C41735,2026-03-28,308.68
C41740,2026-03-29,480.51
C41777,2026-03-31,251.89
C41824,2026-03-30,193.9
C41842,2026-03-30,305.95
C41902,2026-03-26,78.88
C41906,2026-03-27,255.11
C41944,2026-03-26,229.89
C42095,2026-03-26,281.97
C42238,2026-03-27,235.01
C42346,2026-03-29,250.19
C42371,2026-03-28,8.07
C42380,2026-03-27,196.19
C42490,2026-03-29,460.69
C42568,2026-03-31,339.21
C42587,2026-03-30,285.2
C42639,2026-03-26,134.97
C42712,2026-03-27,339.67
C42757,2026-03-30,341.3
C42829,2026-03-27,333.24
C42865,2026-03-31,130.96
C43002,2026-03-27,368.02
C43046,2026-03-30,22.0
C43491,2026-03-26,435.75
C43503,2026-03-28,192.89
C43507,2026-03-29,263.52
C43636,2026-03-26,213.68
C44016,2026-03-29,158.95
C44074,2026-03-27,94.87
C44090,2026-03-31,471.08
C44126,2026-03-31,462.47
C44129,2026-03-29,451.61
C44132,2026-03-29,445.05
C44154,2026-03-28,386.35
C44156,2026-03-27,274.52
C44222,2026-03-27,356.63
C44335,2026-03-27,173.33
C44398,2026-03-28,73.09
C44483,2026-03-27,136.06
C44496,2026-03-29,244.78
C44521,2026-03-31,229.67
C44658,2026-03-29,78.78
C44786,2026-03-26,76.75
C44787,2026-03-31,406.41
C44805,2026-03-31,206.11
C44818,2026-03-29,466.11
C45096,2026-03-29,470.88
C45117,2026-03-26,162.93
C45191,2026-03-31,455.86
C45245,2026-03-30,333.01
C45292,2026-03-29,200.11
C45301,2026-03-27,465.23
C45345,2026-03-26,182.47
C45379,2026-03-27,41.59
C45510,2026-03-26,173.12
C45555,2026-03-29,187.83
C45569,2026-03-26,16.46
C45604,2026-03-28,290.9
C45650,2026-03-30,51.69
C45719,2026-03-30,426.09
C45732,2026-03-28,377.18
C45827,2026-03-26,259.83
C45845,2026-03-30,367.73
C45847,2026-03-31,127.42
C45937,2026-03-29,26.01
C45967,2026-03-30,458.44
C46137,2026-03-30,315.05
C46230,2026-03-30,498.42
C46412,2026-03-31,342.71
C46424,2026-03-29,84.09
C46438,2026-03-31,372.56
C46482,2026-03-30,265.83
C46885,2026-03-27,300.74
C47104,2026-03-30,139.41
C47110,2026-03-28,309.64
C47325,2026-03-29,468.64
C47365,2026-03-28,44.77
C47393,2026-03-31,451.38
C47417,2026-03-29,367.22
C47434,2026-03-28,24.27
C47509,2026-03-29,162.47
C47534,2026-03-29,361.49
C47545,2026-03-30,227.11
C47661,2026-03-30,122.4
C47664,2026-03-27,120.66
C47728,2026-03-28,61.34
C47848,2026-03-29,465.88
C48087,2026-03-26,390.58
C48100,2026-03-28,61.97
C48134,2026-03-31,223.69
C48137,2026-03-31,330.68
C48152,2026-03-30,274.31
C48209,2026-03-27,41.2
C48284,2026-03-31,160.36
C48604,2026-03-29,64.03
C48620,2026-03-28,415.05
C48752,2026-03-26,392.44
C48795,2026-03-29,116.95
C48807,2026-03-30,255.56
C48809,2026-03-31,252.64
C48821,2026-03-28,305.51
C48940,2026-03-30,324.37
C49017,2026-03-30,442.42
C49076,2026-03-31,270.39
C49202,2026-03-28,442.9
C49212,2026-03-30,112.88
C49229,2026-03-31,401.98
C49468,2026-03-26,421.74
C49491,2026-03-27,420.51
C49519,2026-03-30,397.66
C49768,2026-03-28,168.15
C49777,2026-03-26,461.61
C49897,2026-03-31,268.76
C50045,2026-03-28,390.77
C50160,2026-03-30,278.01
C50178,2026-03-31,39.85
C50337,2026-03-31,328.66
C50377,2026-03-30,442.29
C50416,2026-03-29,206.19
C50458,2026-03-30,146.03
C50588,2026-03-29,123.01
C50595,2026-03-28,345.23
C50608,2026-03-26,4.72
C50678,2026-03-31,135.94
C50822,2026-03-29,6.96
C50860,2026-03-31,335.11
C50927,2026-03-28,477.96
C50957,2026-03-28,70.77
C50977,2026-03-26,63.5
C51176,2026-03-30,222.32
C51428,2026-03-31,28.24
C51574,2026-03-29,81.61
C51853,2026-03-31,302.93
C52053,2026-03-30,330.53
C52111,2026-03-28,443.45
C52185,2026-03-27,95.13
C52253,2026-03-27,44.83
C52312,2026-03-26,492.85
C52733,2026-03-27,317.69
C52740,2026-03-27,219.03
C52775,2026-03-27,403.01
C52832,2026-03-27,119.35
C52962,2026-03-29,443.61
C52982,2026-03-28,424.3
C53007,2026-03-29,236.83
C53130,2026-03-27,268.82
C53247,2026-03-29,497.63
C53260,2026-03-29,462.84
C53360,2026-03-27,218.53
C53564,2026-03-30,81.86
C53569,2026-03-27,199.77
C53666,2026-03-26,232.83
C53768,2026-03-28,305.9
C53777,2026-03-26,159.19
C53799,2026-03-31,3.91
C53912,2026-03-26,434.41
C53979,2026-03-28,394.89
C54002,2026-03-28,57.59
C54004,2026-03-29,412.98
C54081,2026-03-26,482.96
C54117,2026-03-29,148.17
C54132,2026-03-29,340.55
C54191,2026-03-26,147.3
C54315,2026-03-30,358.61
C54451,2026-03-31,257.75
C54542,2026-03-29,282.42
C54585,2026-03-30,423.02
C54637,2026-03-31,491.35
C54648,2026-03-26,235.76
C54688,2026-03-29,408.25
C54708,2026-03-31,466.37
C54755,2026-03-30,487.32
C55088,2026-03-26,319.68
C55152,2026-03-26,183.65
C55216,2026-03-31,72.53
C55222,2026-03-28,162.46
C55320,2026-03-27,379.85
C55372,2026-03-30,418.18
C55493,2026-03-28,106.39
C55550,2026-03-28,196.12
C55569,2026-03-27,184.32
C55575,2026-03-29,467.94
C55577,2026-03-27,24.48
C55700,2026-03-30,453.22
C55892,2026-03-27,96.29
C56070,2026-03-28,368.98
C56159,2026-03-29,139.36
C56291,2026-03-31,148.54
C56368,2026-03-28,45.41
C56401,2026-03-28,411.33
C56407,2026-03-30,82.28
C56468,2026-03-31,373.15
C56524,2026-03-29,425.86
C56668,2026-03-30,412.7
C56770,2026-03-27,421.72
C56777,2026-03-27,239.65
C56793,2026-03-28,117.77
C56901,2026-03-26,429.92
C56924,2026-03-30,299.9
C56937,2026-03-27,386.26
C57013,2026-03-27,164.88
C57023,2026-03-29,358.73
C57037,2026-03-30,151.48
C57061,2026-03-27,17.94
C57093,2026-03-30,225.9
C57209,2026-03-28,320.8
C57249,2026-03-28,132.5
C57416,2026-03-29,235.58
C57492,2026-03-27,305.9
C57519,2026-03-29,393.85
C57532,2026-03-31,226.47
C57733,2026-03-28,157.56
C57765,2026-03-30,164.89
C57879,2026-03-29,32.34
C58070,2026-03-29,391.32
C58121,2026-03-27,242.7
C58170,2026-03-28,175.07
C58230,2026-03-31,181.5
C58268,2026-03-27,281.56
C58280,2026-03-27,197.7
C58337,2026-03-31,241.75
C58365,2026-03-28,443.33
C58594,2026-03-26,72.35
C58882,2026-03-26,76.08
C59116,2026-03-31,16.11
C59225,2026-03-26,290.68
C59352,2026-03-31,395.47
C59425,2026-03-30,408.94
C59575,2026-03-31,349.29
C59755,2026-03-28,89.76
C59764,2026-03-30,227.22
C59768,2026-03-29,257.88
C59772,2026-03-27,167.78
C59855,2026-03-27,149.6
C59865,2026-03-29,308.77
C59877,2026-03-29,117.26
C59899,2026-03-31,493.8
C59971,2026-03-30,430.48
C60058,2026-03-30,478.4
C60117,2026-03-31,313.12
C60237,2026-03-29,29.87
C61039,2026-03-28,25.93
C61089,2026-03-26,367.79
C61104,2026-03-27,408.09
C61117,2026-03-26,83.23
C61221,2026-03-28,186.68
C61295,2026-03-31,400.2
C61301,2026-03-29,88.52
C61311,2026-03-31,29.45
C61436,2026-03-28,481.67
C61591,2026-03-31,351.53
C61602,2026-03-29,16.07
C61733,2026-03-27,183.83
C61788,2026-03-31,308.74
C61793,2026-03-28,150.7
C61900,2026-03-29,158.2
C61978,2026-03-31,120.26
C62001,2026-03-30,25.01
C62109,2026-03-26,451.88
C62176,2026-03-30,208.82
C62187,2026-03-26,487.84
C62225,2026-03-28,297.31
C62237,2026-03-27,322.89
C62308,2026-03-27,162.29
C62322,2026-03-30,190.8
C62376,2026-03-28,28.93
C62384,2026-03-31,112.08
C62480,2026-03-28,368.51
C62720,2026-03-26,474.66
C62836,2026-03-29,469.17
C62963,2026-03-30,40.81
C62963,2026-03-31,279.88
C63056,2026-03-28,160.84
C63157,2026-03-30,491.65
C63311,2026-03-28,484.03
C63487,2026-03-30,388.74
C63505,2026-03-30,328.94
C63590,2026-03-27,19.64
C63609,2026-03-31,340.41
C63737,2026-03-28,157.36
C63874,2026-03-28,378.77
C63897,2026-03-26,86.35
C64015,2026-03-27,140.9
C64074,2026-03-29,77.17
C64225,2026-03-28,83.26
C64278,2026-03-31,403.66
C64287,2026-03-31,157.61
C64373,2026-03-27,74.48
C64431,2026-03-30,498.1
C64545,2026-03-30,355.13
C64809,2026-03-31,227.5
C64816,2026-03-30,148.81
C64905,2026-03-26,224.7
C65100,2026-03-27,156.37
C65214,2026-03-28,157.48
C65238,2026-03-27,240.16
C65260,2026-03-28,327.45
C65397,2026-03-30,141.69
C65407,2026-03-27,202.9
C65735,2026-03-28,328.4
C65835,2026-03-31,393.16
C65950,2026-03-28,244.46
C65979,2026-03-26,88.2
C65983,2026-03-29,317.93
C66081,2026-03-31,324.99
C66459,2026-03-27,297.07
C66549,2026-03-28,251.0
C66583,2026-03-29,296.77
C66651,2026-03-31,68.84
C66699,2026-03-27,178.95
C66699,2026-03-28,109.33
C66718,2026-03-30,452.49
C66728,2026-03-30,237.59
C66766,2026-03-29,481.53
C66778,2026-03-28,396.6
C67047,2026-03-29,96.99
C67167,2026-03-27,421.67
C67175,2026-03-29,220.04
C67187,2026-03-28,310.32
C67244,2026-03-28,224.48
C67245,2026-03-30,224.08
C67295,2026-03-30,24.55
C67365,2026-03-30,110.11
C67394,2026-03-26,116.99
C67457,2026-03-29,321.04
C67477,2026-03-30,466.39
C67588,2026-03-29,55.15
C67646,2026-03-27,307.31
C67707,2026-03-28,279.9
C67810,2026-03-29,88.01
C67917,2026-03-29,428.48
C68080,2026-03-31,177.72
C68116,2026-03-29,153.84
C68251,2026-03-31,340.42
C68271,2026-03-29,254.62
C68294,2026-03-29,241.94
C68454,2026-03-28,21.02
C68709,2026-03-29,52.55
C68728,2026-03-26,341.15
C68743,2026-03-29,475.46
C69182,2026-03-26,7.45
C69192,2026-03-30,392.09
C69253,2026-03-26,233.5
C69371,2026-03-26,372.07
C69457,2026-03-27,269.41
C69593,2026-03-27,414.82
C69658,2026-03-29,489.61
C69713,2026-03-29,456.03
C69773,2026-03-28,332.69
C69787,2026-03-28,118.23
C69876,2026-03-31,457.78
C69961,2026-03-30,125.66
C70000,2026-03-29,109.18
C70055,2026-03-31,422.01
C70059,2026-03-26,39.27
C70105,2026-03-26,177.33
C70241,2026-03-27,409.35
C70357,2026-03-30,138.76
C70384,2026-03-30,331.16
C70616,2026-03-28,185.16
C70663,2026-03-30,141.58
C70709,2026-03-30,148.72
C70725,2026-03-29,495.26
C70751,2026-03-28,263.1
C70815,2026-03-27,40.51
C70924,2026-03-26,293.09
C70984,2026-03-27,64.64
C70988,2026-03-28,269.77
C71025,2026-03-30,473.43
C71042,2026-03-31,231.79
C71081,2026-03-31,451.4
C71105,2026-03-27,452.31
C71159,2026-03-30,83.1
C71182,2026-03-31,193.3
C71224,2026-03-27,254.02
C71363,2026-03-30,419.97
C71516,2026-03-31,271.33
C71752,2026-03-29,437.79
C71795,2026-03-31,150.42
C71816,2026-03-29,220.49
C71938,2026-03-28,144.14
C72153,2026-03-29,376.44
C72183,2026-03-29,181.07
C72300,2026-03-28,267.46
C72439,2026-03-27,144.71
C72458,2026-03-26,31.7
C72529,2026-03-30,305.33
C72542,2026-03-27,301.94
C72678,2026-03-27,457.72
C72908,2026-03-29,153.95
C73012,2026-03-27,319.41
C73018,2026-03-27,274.2
C73104,2026-03-30,32.87
C73292,2026-03-26,145.99
C73311,2026-03-31,186.8
C73323,2026-03-29,396.46
C73324,2026-03-31,100.64
C73546,2026-03-28,498.34
C73557,2026-03-27,105.67
C73663,2026-03-27,333.83
C73763,2026-03-28,128.69
C73829,2026-03-28,385.74
C73957,2026-03-31,34.71
C73982,2026-03-29,344.06
C74014,2026-03-30,180.13
C74020,2026-03-29,13.9
C74123,2026-03-31,321.01
C74198,2026-03-28,417.42
C74224,2026-03-27,48.16
C74371,2026-03-26,241.28
C74439,2026-03-31,108.1
C74575,2026-03-26,25.62
C74817,2026-03-26,314.09
C74832,2026-03-26,198.29
C75111,2026-03-28,123.65
C75113,2026-03-29,143.21
C75161,2026-03-29,79.79
C75210,2026-03-30,195.61
C75586,2026-03-29,54.24
C75726,2026-03-28,264.26
C75848,2026-03-31,454.56
C75870,2026-03-26,167.61
C75913,2026-03-28,380.69
C75956,2026-03-29,355.56
C76013,2026-03-29,135.57
C76021,2026-03-26,44.89
C76144,2026-03-31,60.14
C76250,2026-03-29,156.11
C76380,2026-03-31,68.55
C76467,2026-03-30,296.93
C76551,2026-03-27,289.87
C76584,2026-03-28,139.82
C76673,2026-03-30,405.32
C76741,2026-03-29,237.91
C77009,2026-03-29,207.29
C77228,2026-03-27,18.46
C77232,2026-03-31,492.59
C77302,2026-03-26,399.92
C77454,2026-03-31,130.22
C77465,2026-03-29,394.41
C77553,2026-03-30,417.62
C77747,2026-03-31,22.17
C77767,2026-03-28,149.49
C77798,2026-03-27,36.84
C77813,2026-03-28,488.52
C77877,2026-03-30,94.1
C78056,2026-03-31,194.85
C78078,2026-03-31,394.5
C78382,2026-03-28,82.57
C78384,2026-03-30,281.51
C78417,2026-03-29,481.54
C78430,2026-03-29,82.23
C78444,2026-03-27,44.4
C78498,2026-03-31,263.43
C78530,2026-03-26,370.96
C78769,2026-03-29,166.29
C78870,2026-03-26,49.77
C78886,2026-03-30,118.08
C78933,2026-03-29,288.95
C79088,2026-03-30,208.07
C79140,2026-03-30,339.93
C79268,2026-03-28,482.71
C79321,2026-03-29,227.01
C79350,2026-03-27,70.47
C79398,2026-03-31,420.66
C79435,2026-03-26,369.17
C79454,2026-03-31,109.31
C79458,2026-03-26,414.2
C79528,2026-03-27,307.21
C79545,2026-03-30,238.72
C79599,2026-03-26,214.92
C79721,2026-03-28,2.11
C79742,2026-03-27,130.26
C79767,2026-03-27,297.31
C79900,2026-03-26,490.28
C79945,2026-03-26,437.76
C80014,2026-03-28,321.8
C80074,2026-03-28,17.74
C80252,2026-03-28,100.51
C80282,2026-03-28,232.06
C80391,2026-03-28,40.84
C80685,2026-03-30,447.73
C80704,2026-03-31,465.76
C80735,2026-03-31,418.64
C80787,2026-03-28,192.51
C80898,2026-03-26,472.94
C80912,2026-03-26,372.05
C80954,2026-03-30,437.57
C80968,2026-03-30,475.23
C81049,2026-03-30,275.57
C81112,2026-03-29,432.58
C81150,2026-03-29,56.83
C81160,2026-03-31,294.9
C81222,2026-03-26,382.03
C81222,2026-03-30,180.63
C81287,2026-03-30,234.17
C81306,2026-03-26,302.36
C81549,2026-03-30,481.16
C81597,2026-03-28,464.94
C81634,2026-03-26,488.47
C81667,2026-03-29,55.92
C81874,2026-03-29,429.59
C81917,2026-03-30,150.58
C81949,2026-03-28,261.81
C81951,2026-03-29,183.95
C82023,2026-03-26,7.4
C82164,2026-03-31,275.68
C82268,2026-03-31,109.71
C82352,2026-03-28,215.07
C82390,2026-03-29,305.49
C82397,2026-03-27,198.02
C82460,2026-03-30,54.57
C82529,2026-03-26,302.22
C82718,2026-03-30,232.8
C82766,2026-03-29,339.98
C82939,2026-03-28,360.04
C83004,2026-03-29,93.33
C83375,2026-03-27,87.5
C83401,2026-03-31,234.67
C84044,2026-03-30,325.03
C84054,2026-03-27,387.68
C84142,2026-03-31,180.1
C84471,2026-03-27,281.38
C84540,2026-03-28,376.03
C84570,2026-03-27,384.61
C84658,2026-03-26,491.67
C84716,2026-03-28,29.96
C84945,2026-03-31,430.67
C84999,2026-03-30,338.5
C85002,2026-03-31,34.96
C85010,2026-03-31,161.06
C85031,2026-03-28,180.43
C85217,2026-03-29,95.9
C85270,2026-03-27,238.26
C85461,2026-03-29,377.04
C85667,2026-03-26,424.18
C85699,2026-03-30,101.6
C85731,2026-03-30,322.66
C85756,2026-03-30,404.31
C85786,2026-03-28,396.14
C85803,2026-03-29,233.01
C85874,2026-03-26,436.45
C85900,2026-03-31,343.24
C86002,2026-03-31,18.08
C86085,2026-03-26,453.8
C86183,2026-03-30,118.23
C86331,2026-03-30,414.36
C86376,2026-03-27,430.53
C86414,2026-03-27,338.82
C86429,2026-03-27,215.11
C86550,2026-03-27,89.45
C86553,2026-03-28,422.77
C86782,2026-03-29,443.95
C86875,2026-03-29,379.06
C86957,2026-03-29,421.39
C87039,2026-03-30,26.23
C87069,2026-03-30,488.54
C87261,2026-03-31,488.94
C87316,2026-03-29,271.26
C87459,2026-03-28,302.32
C87830,2026-03-29,333.21
C87875,2026-03-29,83.04
C88144,2026-03-29,107.81
C88189,2026-03-29,331.05
C88255,2026-03-31,258.78
C88258,2026-03-29,235.67
C88295,2026-03-30,180.75
C88295,2026-03-31,298.25
C88390,2026-03-30,257.67
C88409,2026-03-28,344.99
C88521,2026-03-29,318.33
C88640,2026-03-31,472.53
C88693,2026-03-26,62.76
C88795,2026-03-28,208.36
C88821,2026-03-26,283.0
C89018,2026-03-27,429.05
C89090,2026-03-30,483.6
C89097,2026-03-29,22.54
C89239,2026-03-26,246.95
C89268,2026-03-26,222.43
C89288,2026-03-30,319.84
C89332,2026-03-30,472.55
C89373,2026-03-28,419.68
C89557,2026-03-26,407.69
C89628,2026-03-27,84.64
C89831,2026-03-27,68.79
C89869,2026-03-29,425.47
C89986,2026-03-26,43.16
C90025,2026-03-29,321.24
C90048,2026-03-28,402.04
C90527,2026-03-30,467.14
C90535,2026-03-28,13.13
C90626,2026-03-27,463.23
C90873,2026-03-27,255.81
C90995,2026-03-30,492.41
C91032,2026-03-29,9.74
C91046,2026-03-31,392.29
C91052,2026-03-26,88.75
C91083,2026-03-29,296.01
C91157,2026-03-26,259.03
C91199,2026-03-31,95.61
C91222,2026-03-29,486.96
C91231,2026-03-31,303.52
C91409,2026-03-31,35.58
C91775,2026-03-28,113.97
C91779,2026-03-28,134.24
C92303,2026-03-29,384.43
C92328,2026-03-27,68.65
C92357,2026-03-30,475.09
C92363,2026-03-28,231.43
C92370,2026-03-26,307.1
C92434,2026-03-26,82.21
C92454,2026-03-31,427.98
C92478,2026-03-26,457.64
C92506,2026-03-30,269.35
C92740,2026-03-27,186.24
C92779,2026-03-26,322.14
C92796,2026-03-28,315.76
C92947,2026-03-28,418.51
C92983,2026-03-27,323.88
C93063,2026-03-30,494.18
C93269,2026-03-29,445.0
C93404,2026-03-26,370.68
C93406,2026-03-28,385.73
C93755,2026-03-28,82.21
C93843,2026-03-27,257.17
C93954,2026-03-29,330.64
C94050,2026-03-27,465.56
C94120,2026-03-31,316.8
C94418,2026-03-30,254.03
C94433,2026-03-27,261.13
C94475,2026-03-27,298.52
C94571,2026-03-31,85.46
C94608,2026-03-28,148.76
C94613,2026-03-26,217.56
C94619,2026-03-28,227.47
C94753,2026-03-26,167.01
C94788,2026-03-31,25.3
C94818,2026-03-27,173.96
C94839,2026-03-28,89.09
C94980,2026-03-28,155.58
C95046,2026-03-27,150.96
C95313,2026-03-31,452.25
C95326,2026-03-31,426.55
C95371,2026-03-26,489.09
C95426,2026-03-31,66.84
C95431,2026-03-27,212.74
C95547,2026-03-29,381.75
C95614,2026-03-29,117.56
C95625,2026-03-28,172.85
C95658,2026-03-29,284.3
C95949,2026-03-26,50.75
C96278,2026-03-31,10.16
C96537,2026-03-27,39.64
C96540,2026-03-26,232.26
C96579,2026-03-31,288.07
C96657,2026-03-28,304.0
C96858,2026-03-28,436.72
C96896,2026-03-29,469.34
C96925,2026-03-29,13.9
C96962,2026-03-29,386.3
C97135,2026-03-29,375.85
C97153,2026-03-30,59.1
C97200,2026-03-31,268.71
C97276,2026-03-28,344.86
C97362,2026-03-31,96.09
C97371,2026-03-30,8.88
C97436,2026-03-26,477.06
C97442,2026-03-30,24.65
C97479,2026-03-27,6.97
C97490,2026-03-30,268.55
C97558,2026-03-27,283.62
C97609,2026-03-30,144.73
C97638,2026-03-26,484.63
C97788,2026-03-30,47.55
C97843,2026-03-26,241.04
C97889,2026-03-30,345.83
C97894,2026-03-30,118.91
C97915,2026-03-27,451.5
C98022,2026-03-26,215.56
C98039,2026-03-30,312.72
C98050,2026-03-27,29.09
C98146,2026-03-27,309.21
C98480,2026-03-31,339.1
C98845,2026-03-31,120.5
C99015,2026-03-30,278.27
C99064,2026-03-27,293.27
C99069,2026-03-27,376.6
C99088,2026-03-26,370.26
C99159,2026-03-31,160.37
C99356,2026-03-27,92.22
C99393,2026-03-29,386.58
C99433,2026-03-29,375.34
C99474,2026-03-30,406.26
C99557,2026-03-30,16.91
C99619,2026-03-31,379.71
C99866,2026-03-28,52.82
C99883,2026-03-29,175.22
C99884,2026-03-31,215.44
C99887,2026-03-28,329.71
C99997,2026-03-30,295.2
